{
  "init_streaming_time": 266.6022777557373,
  "init_non_streaming_time": 81.82954788208008,
  "game_state_times": [
    141.94560050964355,
    148.40102195739746,
    125.69856643676758,
    192.96598434448242,
    152.04858779907227,
    148.5462188720703,
    144.96994018554688,
    164.26444053649902,
    156.18658065795898,
    144.83261108398438
  ],
  "action_times": [
    325.15621185302734,
    231.74667358398438
  ]
}